customer_id,total_services,active_services,monthly_revenue,total_lifetime_value,tenure_months,support_tickets_count,avg_resolution_time_hours,avg_satisfaction_rating,latest_nps_score,churn_risk_score,upsell_score,last_interaction_date
CUST_000001,3,3,80.58,2900.96,43,0,0.0,5.0,,25,45,
CUST_000002,4,4,95.22,4258.83,44,4,10.8,4.0,,45,45,2025-06-18
CUST_000003,1,1,45.2,542.45,60,4,2.8,2.5,,45,50,2025-03-19
CUST_000004,1,1,57.97,587.96,17,3,11.9,3.3,,25,50,2025-06-02
CUST_000005,1,1,102.62,1136.38,55,0,0.0,5.0,2.0,30,55,
CUST_000006,2,1,91.0,1984.15,37,3,3.6,2.7,6.0,55,50,2024-04-14
CUST_000007,4,4,89.37,4219.99,41,1,2.0,4.0,,25,45,2023-04-06
CUST_000008,3,2,72.52,2561.77,27,0,0.0,5.0,,25,75,
CUST_000009,1,1,98.72,1184.61,6,0,0.0,5.0,,0,75,
CUST_000010,2,1,115.51,2772.33,39,0,0.0,5.0,,0,55,
CUST_000011,1,1,52.72,632.58,42,0,0.0,5.0,9.0,0,100,
CUST_000012,2,2,90.54,2172.93,18,0,0.0,5.0,,25,75,
CUST_000013,1,1,113.53,1362.37,51,0,0.0,5.0,6.0,30,55,
CUST_000014,1,1,145.87,1460.1,34,0,0.0,5.0,6.0,55,55,
CUST_000015,2,2,109.68,2534.88,19,0,0.0,5.0,,25,55,
CUST_000016,2,1,110.26,2582.82,9,2,24.6,4.0,,25,55,2025-06-07
CUST_000017,2,2,131.89,2909.66,38,3,9.3,4.0,6.0,55,55,2025-02-20
CUST_000018,3,3,105.8,3175.3,10,3,8.1,4.0,7.0,25,25,2025-06-04
CUST_000019,2,2,108.59,2458.18,46,0,0.0,5.0,,25,55,
CUST_000020,3,3,108.74,3177.51,14,0,0.0,5.0,,25,25,
CUST_000021,2,2,92.42,2163.12,42,2,23.5,4.0,8.0,25,100,2024-05-16
CUST_000022,3,3,78.04,2809.44,4,1,61.2,3.0,,0,20,2025-07-28
CUST_000023,2,2,62.53,1396.57,55,0,0.0,5.0,,25,75,
CUST_000024,4,1,65.21,3038.6,2,0,0.0,5.0,,25,75,
CUST_000025,1,1,151.44,1817.25,16,0,0.0,5.0,,0,55,
CUST_000026,2,2,88.98,2071.18,5,0,0.0,5.0,,0,75,
CUST_000027,2,2,91.01,1945.64,44,0,0.0,5.0,,25,75,
CUST_000028,2,2,108.85,2612.37,28,1,7.0,5.0,7.0,0,55,2025-07-14
CUST_000029,1,1,97.14,1165.73,34,0,0.0,5.0,,0,75,
CUST_000030,2,2,90.57,2173.61,38,0,0.0,5.0,,25,75,
CUST_000031,4,4,70.68,3010.19,44,1,3.8,4.0,,25,45,2022-01-14
CUST_000032,3,3,90.19,3041.77,56,0,0.0,5.0,,25,45,
CUST_000033,1,1,94.73,1136.77,11,0,0.0,5.0,,0,75,
CUST_000034,3,1,67.84,2320.62,33,3,9.1,4.0,,25,75,2025-04-07
CUST_000035,2,2,99.58,2294.33,17,0,0.0,5.0,8.0,25,100,
CUST_000036,1,0,65.93,791.21,13,0,0.0,5.0,,0,75,
CUST_000037,1,1,66.0,791.96,57,0,0.0,5.0,9.0,0,100,
CUST_000038,2,2,79.54,1809.49,35,0,0.0,5.0,5.0,55,75,
CUST_000039,2,2,66.88,1605.23,58,0,0.0,5.0,,25,75,
CUST_000040,2,1,87.28,1912.31,23,0,0.0,5.0,,25,75,
CUST_000041,2,0,94.82,2275.61,43,0,0.0,5.0,8.0,0,100,
CUST_000042,2,2,94.34,2165.09,26,3,10.8,3.3,,0,50,2025-04-01
CUST_000043,1,1,106.68,1280.15,2,0,0.0,5.0,9.0,0,80,
CUST_000044,1,1,93.79,935.52,52,0,0.0,5.0,,25,75,
CUST_000045,1,1,57.91,639.9,32,0,0.0,5.0,,25,75,
CUST_000046,3,2,97.62,3064.74,26,0,0.0,5.0,,25,75,
CUST_000047,2,1,126.31,3031.51,42,2,26.1,3.5,,25,30,2025-03-02
CUST_000048,3,3,107.05,3643.35,5,1,7.5,3.0,,25,0,2025-05-08
CUST_000049,1,1,70.44,750.02,57,0,0.0,5.0,9.0,0,100,
CUST_000050,1,1,62.58,750.95,6,0,0.0,5.0,,0,75,
CUST_000051,3,2,81.75,2845.81,53,1,2.0,3.0,7.0,25,50,2022-05-31
CUST_000052,3,3,89.62,3045.6,53,1,20.9,4.0,,25,45,2024-06-21
CUST_000053,4,4,108.28,5054.41,38,0,0.0,5.0,,25,25,
CUST_000054,1,1,103.97,1247.62,30,0,0.0,5.0,8.0,0,80,
CUST_000055,2,1,59.67,1367.77,35,1,2.9,5.0,,25,75,2025-06-09
CUST_000056,3,3,92.32,3323.44,13,1,6.2,5.0,,0,45,2025-05-27
CUST_000057,2,1,82.34,1976.07,5,0,0.0,5.0,10.0,0,100,
CUST_000058,2,1,81.27,1884.02,2,3,27.8,2.7,,25,50,2025-07-28
CUST_000059,3,3,76.56,2488.83,52,1,35.2,5.0,,25,45,2024-08-05
CUST_000060,2,2,99.84,2344.2,41,2,22.4,3.5,,25,50,2023-11-23
CUST_000061,2,2,108.85,2501.34,35,3,37.1,3.7,8.0,25,55,2024-05-23
CUST_000062,3,3,108.88,3819.68,4,1,0.7,4.0,,25,25,2025-05-08
CUST_000063,1,1,93.89,943.0,23,2,3.4,4.0,,25,75,2025-02-25
CUST_000064,1,1,88.22,869.78,39,1,30.0,4.0,3.0,55,75,2022-06-11
CUST_000065,2,2,82.42,1911.27,41,0,0.0,5.0,,25,75,
CUST_000066,3,3,74.5,2498.01,49,0,0.0,5.0,,25,45,
CUST_000067,1,1,49.61,554.06,44,2,2.5,3.0,6.0,30,50,2023-12-11
CUST_000068,2,2,73.55,1652.55,17,3,24.2,3.7,,25,50,2025-04-03
CUST_000069,1,0,120.26,1443.07,12,1,23.5,5.0,,25,55,2024-08-13
CUST_000070,2,2,106.22,2549.35,60,5,24.5,3.0,,20,30,2023-03-26
CUST_000071,3,3,90.98,3012.45,55,0,0.0,5.0,,25,45,
CUST_000072,1,1,148.7,1784.41,35,1,3.3,3.0,0.0,0,30,2025-04-12
CUST_000073,1,1,118.18,1129.0,55,1,19.4,4.0,,25,55,2024-08-03
CUST_000074,2,2,124.22,2795.05,6,1,36.0,5.0,,25,55,2025-07-12
CUST_000075,3,3,93.32,3174.29,41,0,0.0,5.0,7.0,25,45,
CUST_000076,2,1,79.67,1801.45,18,0,0.0,5.0,,25,75,
CUST_000077,3,3,101.88,3313.83,11,0,0.0,5.0,7.0,25,25,
CUST_000078,4,4,85.74,4115.36,48,0,0.0,5.0,,25,45,
CUST_000079,2,2,86.56,1817.67,7,0,0.0,5.0,,25,75,
CUST_000080,1,0,91.29,1095.43,39,0,0.0,5.0,3.0,30,75,
CUST_000081,3,3,111.45,3798.72,5,1,7.2,1.0,,50,0,2025-03-22
CUST_000082,1,1,123.7,1344.93,54,2,16.2,3.5,2.0,55,30,2023-04-05
CUST_000083,2,1,121.58,2684.2,40,2,19.4,3.5,9.0,25,55,2022-12-03
CUST_000084,1,1,96.83,1067.88,9,2,18.9,4.0,1.0,55,75,2025-01-11
CUST_000085,2,2,86.18,1686.35,31,0,0.0,5.0,,25,75,
CUST_000086,2,2,112.98,2711.63,14,0,0.0,5.0,,0,55,
CUST_000087,1,1,118.28,1304.43,44,0,0.0,5.0,,0,55,
CUST_000088,2,1,94.59,2172.27,2,3,16.1,3.7,,25,50,2025-07-10
CUST_000089,3,3,123.0,4216.43,19,1,7.8,4.0,,25,25,2025-03-28
CUST_000090,1,1,69.91,838.92,16,2,13.3,3.0,,0,50,2024-10-18
CUST_000091,1,1,56.66,628.1,52,0,0.0,5.0,10.0,25,100,
CUST_000092,2,2,97.95,2122.84,53,2,32.7,4.5,,25,75,2025-01-11
CUST_000093,2,2,82.1,1970.46,57,1,30.8,5.0,,0,75,2023-03-10
CUST_000094,4,4,96.55,4137.86,40,0,0.0,5.0,,25,45,
CUST_000095,3,3,117.59,4004.78,38,0,0.0,5.0,,25,25,
CUST_000096,1,1,152.01,1678.69,19,1,27.5,4.0,,25,55,2024-05-06
CUST_000097,1,1,115.92,1391.01,35,1,17.4,4.0,,0,55,2025-05-20
CUST_000098,2,2,82.3,1877.46,4,0,0.0,5.0,,0,75,
CUST_000099,1,0,116.29,1395.51,18,0,0.0,5.0,9.0,0,80,
CUST_000100,1,1,71.8,861.64,48,0,0.0,5.0,7.0,0,75,
CUST_000101,2,0,114.22,2451.77,48,2,19.2,5.0,,25,55,2025-03-24
CUST_000102,2,2,66.15,1482.8,29,0,0.0,5.0,,25,75,
CUST_000103,2,2,78.79,1801.6,22,0,0.0,5.0,,25,75,
CUST_000104,2,1,108.13,2595.1,25,0,0.0,5.0,9.0,0,80,
CUST_000105,2,2,79.69,1912.54,49,0,0.0,5.0,,0,75,
CUST_000106,3,3,70.89,2505.24,21,0,0.0,5.0,5.0,55,45,
CUST_000107,2,1,117.93,2830.43,38,0,0.0,5.0,,0,55,
CUST_000108,2,1,112.54,2557.44,21,1,36.2,4.0,7.0,0,55,2025-06-14
CUST_000109,2,0,59.7,1128.42,52,1,3.7,4.0,4.0,55,75,2023-01-11
CUST_000110,3,3,88.86,3143.34,35,1,1.1,4.0,,25,45,2024-05-26
CUST_000111,3,3,86.26,2947.52,21,1,31.2,3.0,7.0,25,20,2024-10-28
CUST_000112,2,1,104.07,2383.81,32,0,0.0,5.0,6.0,55,55,
CUST_000113,3,3,80.1,2604.33,18,1,14.8,3.0,2.0,55,20,2025-05-17
CUST_000114,2,2,84.88,2037.13,45,0,0.0,5.0,10.0,0,100,
CUST_000115,1,1,99.24,1190.85,51,0,0.0,5.0,,0,75,
CUST_000116,1,1,151.96,1823.5,48,1,12.8,5.0,8.0,0,80,2023-06-28
CUST_000117,4,3,103.42,4782.24,30,0,0.0,5.0,7.0,25,25,
CUST_000118,2,2,108.95,2457.85,23,0,0.0,5.0,,25,55,
CUST_000119,4,4,101.08,4654.05,29,4,11.8,3.8,7.0,45,0,2024-06-06
CUST_000120,2,1,77.83,1815.55,42,0,0.0,5.0,,0,75,
CUST_000121,3,3,92.39,3140.16,43,4,16.9,3.2,5.0,75,20,2024-05-07
CUST_000122,2,1,124.87,2750.61,6,0,0.0,5.0,,25,55,
CUST_000123,2,2,99.54,2342.84,1,0,0.0,5.0,,25,75,
CUST_000124,2,2,67.55,1558.51,44,0,0.0,5.0,9.0,25,100,
CUST_000125,1,0,147.6,1771.18,26,0,0.0,5.0,5.0,30,55,
CUST_000126,3,3,92.9,3344.48,54,0,0.0,5.0,,0,45,
CUST_000127,3,2,96.46,3472.6,60,0,0.0,5.0,,0,75,
CUST_000128,3,3,110.24,3696.27,37,0,0.0,5.0,10.0,25,50,
CUST_000129,2,2,110.32,2647.72,52,0,0.0,5.0,,0,55,
CUST_000130,1,1,47.21,521.95,8,3,23.4,4.7,,0,75,2025-03-16
CUST_000131,2,2,95.2,2284.84,20,0,0.0,5.0,4.0,30,75,
CUST_000132,2,2,120.66,2365.58,22,3,24.1,4.3,7.0,25,55,2025-02-20
CUST_000133,1,1,85.18,943.52,53,0,0.0,5.0,,0,75,
CUST_000134,2,1,125.01,3000.28,4,0,0.0,5.0,,25,55,
CUST_000135,1,1,102.95,1139.93,4,1,2.2,5.0,,25,55,2025-05-19
CUST_000136,3,3,78.58,2771.76,50,1,15.9,4.0,,25,45,2022-05-12
CUST_000137,3,3,80.33,2738.63,9,0,0.0,5.0,9.0,25,70,
CUST_000138,1,1,93.44,1121.27,9,0,0.0,5.0,,0,75,
CUST_000139,2,2,115.29,2537.25,31,3,3.4,2.0,,50,30,2025-03-16
CUST_000140,2,1,78.09,1561.71,33,2,16.4,4.5,,25,75,2023-06-23
CUST_000141,3,2,109.46,3712.88,14,0,0.0,5.0,,25,55,
CUST_000142,1,1,102.56,1134.31,50,0,0.0,5.0,,0,55,
CUST_000143,3,2,106.54,3743.79,5,3,35.4,3.3,,25,30,2025-05-05
CUST_000144,4,4,74.93,3323.06,34,0,0.0,5.0,,25,45,
CUST_000145,3,1,91.03,3210.68,12,1,3.5,2.0,,50,50,2024-11-30
CUST_000146,2,2,69.21,1468.29,43,1,15.4,4.0,,0,75,2025-06-09
CUST_000147,2,2,54.01,1296.22,16,1,15.2,4.0,9.0,0,100,2024-12-23
CUST_000148,3,2,86.14,2871.78,55,0,0.0,5.0,9.0,25,100,
CUST_000149,2,1,115.65,2629.87,3,0,0.0,5.0,,25,55,
CUST_000150,2,0,101.49,2149.21,58,0,0.0,5.0,,25,55,
CUST_000151,2,1,74.89,1646.21,37,0,0.0,5.0,0.0,25,75,
CUST_000152,2,1,78.46,1753.61,60,1,10.6,5.0,,25,75,2020-08-15
CUST_000153,4,4,73.37,3410.27,48,1,36.4,4.0,,25,45,2024-12-26
CUST_000154,2,2,69.13,1479.48,11,0,0.0,5.0,,25,75,
CUST_000155,3,3,94.63,3199.77,44,0,0.0,5.0,,25,45,
CUST_000156,3,2,83.74,2924.83,57,0,0.0,5.0,,0,75,
CUST_000157,1,1,80.49,965.89,17,0,0.0,5.0,,0,75,
CUST_000158,2,2,121.43,2914.24,34,0,0.0,5.0,,0,55,
CUST_000159,2,2,51.58,1189.91,32,1,60.1,5.0,,25,75,2024-02-19
CUST_000160,2,2,98.12,2354.99,54,0,0.0,5.0,,25,75,
CUST_000161,1,0,73.17,744.31,43,1,8.8,3.0,,25,50,2022-05-22
CUST_000162,1,1,100.97,1112.19,25,0,0.0,5.0,,0,55,
CUST_000163,2,2,102.74,2465.64,55,1,10.7,3.0,8.0,0,55,2024-05-02
CUST_000164,2,1,88.57,2010.39,11,0,0.0,5.0,8.0,25,100,
CUST_000165,2,2,134.2,3106.29,42,0,0.0,5.0,,25,55,
CUST_000166,2,2,89.29,1980.28,43,0,0.0,5.0,,25,75,
CUST_000167,4,3,107.4,4583.91,6,1,1.9,5.0,,25,25,2025-06-09
CUST_000168,4,3,106.23,4730.7,48,2,14.8,3.5,,25,0,2024-05-16
CUST_000169,3,2,72.65,2387.27,47,1,8.4,5.0,,25,75,2023-03-21
CUST_000170,1,1,83.75,924.8,48,0,0.0,5.0,,0,75,
CUST_000171,1,1,101.54,1021.54,30,1,40.6,2.0,9.0,50,55,2025-05-11
CUST_000172,2,2,65.45,1397.37,59,1,56.7,2.0,,50,50,2021-08-03
CUST_000173,1,1,71.46,857.49,18,0,0.0,5.0,,25,75,
CUST_000174,4,4,88.61,4061.81,10,0,0.0,5.0,,25,45,
CUST_000175,2,2,62.2,1353.08,54,0,0.0,5.0,,25,75,
CUST_000176,2,2,103.38,2481.06,37,3,15.2,3.0,9.0,0,55,2025-03-23
CUST_000177,1,1,48.89,586.69,2,0,0.0,5.0,,0,75,
CUST_000178,1,1,64.9,778.78,60,0,0.0,5.0,9.0,25,100,
CUST_000179,1,1,95.99,1060.3,17,0,0.0,5.0,7.0,0,75,
CUST_000180,1,1,67.07,740.18,1,3,41.8,3.7,,25,50,2025-07-21
CUST_000181,2,2,71.22,1549.87,15,0,0.0,5.0,5.0,55,75,
CUST_000182,2,2,57.35,1181.43,26,2,29.3,4.5,,25,75,2024-12-24
CUST_000183,3,3,78.78,2771.39,56,0,0.0,5.0,4.0,55,45,
CUST_000184,3,2,116.9,4094.47,34,0,0.0,5.0,,25,55,
CUST_000185,1,1,112.8,1353.59,59,0,0.0,5.0,,25,55,
CUST_000186,2,0,123.66,2967.76,60,0,0.0,5.0,,0,55,
CUST_000187,2,2,109.19,2620.48,16,1,2.8,4.0,,0,55,2025-06-21
CUST_000188,3,2,78.72,2833.81,16,0,0.0,5.0,,25,75,
CUST_000189,1,1,117.08,1405.02,45,0,0.0,5.0,,0,55,
CUST_000190,1,1,116.06,943.4,45,0,0.0,5.0,4.0,55,55,
CUST_000191,1,1,69.36,832.26,15,0,0.0,5.0,9.0,0,100,
CUST_000192,3,3,93.24,3135.55,0,2,24.6,3.5,8.0,25,45,2025-07-27
CUST_000193,1,0,82.45,910.55,55,0,0.0,5.0,6.0,30,75,
CUST_000194,2,2,111.36,2526.76,51,0,0.0,5.0,2.0,30,55,
CUST_000195,2,2,96.86,2324.56,6,0,0.0,5.0,,0,75,
CUST_000196,2,2,57.43,1328.08,34,1,1.1,5.0,,25,75,2024-07-20
CUST_000197,1,1,95.68,1148.16,45,1,13.6,1.0,10.0,50,75,2023-06-25
CUST_000198,4,3,99.59,4636.27,2,0,0.0,5.0,,25,45,
CUST_000199,2,1,63.5,1362.3,32,2,33.6,3.5,,25,50,2024-10-15
CUST_000200,2,1,73.49,1564.69,11,2,14.2,3.5,9.0,25,75,2025-06-14
CUST_000201,2,1,130.09,2977.73,21,0,0.0,5.0,9.0,25,80,
CUST_000202,2,2,107.11,2358.28,9,0,0.0,5.0,,25,55,
CUST_000203,2,2,73.24,1680.29,32,0,0.0,5.0,,25,75,
CUST_000204,3,3,110.12,3904.14,20,0,0.0,5.0,9.0,25,50,
CUST_000205,2,2,73.76,1562.29,60,0,0.0,5.0,,25,75,
CUST_000206,2,2,73.31,1560.28,7,0,0.0,5.0,9.0,25,100,
CUST_000207,3,2,99.22,3339.61,21,3,15.7,3.7,9.0,25,75,2024-09-21
CUST_000208,2,1,118.6,2846.38,56,2,23.5,4.0,,0,55,2024-07-26
CUST_000209,3,3,86.99,3017.18,41,1,43.2,4.0,,25,45,2022-12-30
CUST_000210,2,2,134.93,3238.32,2,0,0.0,5.0,10.0,0,80,
CUST_000211,4,4,66.2,2859.46,25,1,17.3,3.0,5.0,55,20,2024-02-28
CUST_000212,3,3,106.41,3830.77,5,0,0.0,5.0,9.0,0,50,
CUST_000213,3,3,112.64,3869.51,20,0,0.0,5.0,7.0,25,25,
CUST_000214,2,1,123.76,2518.48,59,0,0.0,5.0,,25,55,
CUST_000215,1,1,59.13,709.52,12,0,0.0,5.0,,0,75,
CUST_000216,3,2,92.45,3123.41,4,0,0.0,5.0,,25,75,
CUST_000217,4,4,103.94,4873.83,42,0,0.0,5.0,6.0,30,25,
CUST_000218,2,2,81.09,1880.61,8,0,0.0,5.0,,0,75,
CUST_000219,2,2,61.58,1426.01,45,0,0.0,5.0,,0,75,
CUST_000220,2,1,121.97,2686.15,50,0,0.0,5.0,,25,55,
CUST_000221,3,3,86.97,3084.61,29,1,7.4,3.0,,0,20,2024-06-17
CUST_000222,2,0,87.36,1900.17,41,3,5.9,3.0,9.0,0,75,2025-06-08
CUST_000223,2,2,95.42,2179.15,53,0,0.0,5.0,,0,75,
CUST_000224,3,3,88.07,3088.6,13,0,0.0,5.0,,25,45,
CUST_000225,2,2,108.11,2384.28,48,1,34.4,4.0,5.0,55,55,2022-01-17
CUST_000226,3,3,111.99,3877.29,43,0,0.0,5.0,,25,25,
CUST_000227,4,3,81.55,3558.57,21,0,0.0,5.0,,25,45,
CUST_000228,4,3,94.77,4491.54,18,0,0.0,5.0,,25,45,
CUST_000229,1,1,118.33,1419.91,2,4,11.3,4.2,6.0,50,55,2025-07-30
CUST_000230,1,1,105.45,1265.43,13,1,41.3,5.0,,0,55,2025-04-15
CUST_000231,4,3,92.91,4309.3,57,2,13.2,4.5,6.0,55,45,2024-01-20
CUST_000232,4,3,87.23,4132.08,6,0,0.0,5.0,,25,45,
CUST_000233,2,2,106.62,2558.94,43,0,0.0,5.0,9.0,0,80,
CUST_000234,1,1,148.13,1631.92,36,2,24.4,3.0,9.0,25,55,2025-04-02
CUST_000235,3,2,83.75,2831.65,30,1,14.8,3.0,,25,50,2025-01-31
CUST_000236,3,3,97.0,3413.32,16,0,0.0,5.0,,0,45,
CUST_000237,2,2,80.31,1927.37,41,0,0.0,5.0,0.0,0,75,
CUST_000238,3,2,71.32,2421.0,17,2,6.5,4.5,,25,75,2025-05-15
CUST_000239,2,1,69.71,1561.32,47,0,0.0,5.0,,25,75,
CUST_000240,2,2,81.33,1885.36,21,0,0.0,5.0,6.0,55,75,
CUST_000241,1,1,43.61,523.27,34,0,0.0,5.0,,0,75,
CUST_000242,4,2,99.94,4699.21,3,0,0.0,5.0,8.0,25,100,
CUST_000243,1,1,99.72,1104.84,23,0,0.0,5.0,,0,75,
CUST_000244,2,1,93.88,1924.95,14,1,1.9,2.0,3.0,80,50,2024-12-22
CUST_000245,1,1,148.61,1783.37,52,1,45.1,5.0,8.0,25,80,2024-11-08
CUST_000246,1,1,90.03,921.89,24,3,8.0,4.0,,25,75,2025-07-03
CUST_000247,2,1,99.77,2265.23,21,0,0.0,5.0,,25,75,
CUST_000248,2,2,98.72,2369.23,16,4,12.7,3.8,,20,50,2024-11-14
CUST_000249,1,1,93.82,946.21,13,0,0.0,5.0,8.0,25,100,
CUST_000250,3,2,94.41,3398.89,8,2,29.5,4.5,6.0,55,75,2025-01-03
CUST_000251,2,2,65.28,1511.84,48,2,4.3,3.5,,25,50,2023-06-19
CUST_000252,2,1,90.0,1988.64,7,0,0.0,5.0,,25,75,
CUST_000253,2,1,106.82,2563.6,22,0,0.0,5.0,,0,55,
CUST_000254,1,0,128.04,1424.61,18,0,0.0,5.0,9.0,0,80,
CUST_000255,1,1,83.66,1003.94,42,1,10.8,5.0,,0,75,2023-01-10
CUST_000256,3,3,112.36,4044.99,55,1,7.6,4.0,,25,25,2022-08-11
CUST_000257,2,1,120.39,2796.87,54,1,1.2,4.0,,25,55,2021-12-30
CUST_000258,1,1,149.34,1792.1,3,1,11.6,2.0,2.0,55,30,2025-05-14
CUST_000259,1,1,58.49,634.06,34,0,0.0,5.0,,25,75,
CUST_000260,3,3,72.54,2453.96,26,2,11.9,3.0,,25,20,2024-07-13
CUST_000261,4,4,83.51,3653.93,10,0,0.0,5.0,8.0,25,70,
CUST_000262,4,3,80.67,3872.29,12,1,13.2,1.0,7.0,50,20,2025-04-01
CUST_000263,3,1,108.15,3550.52,14,0,0.0,5.0,,25,55,
CUST_000264,3,3,86.07,3098.6,36,0,0.0,5.0,,25,45,
CUST_000265,2,2,79.63,1911.01,50,0,0.0,5.0,7.0,0,75,
CUST_000266,1,1,54.07,648.85,30,0,0.0,5.0,,0,75,
CUST_000267,2,2,90.89,2181.45,50,1,2.6,5.0,,25,75,2021-10-02
CUST_000268,2,1,82.53,1847.13,42,4,11.0,4.2,7.0,45,75,2023-07-01
CUST_000269,1,1,95.56,1064.72,27,0,0.0,5.0,,25,75,
CUST_000270,3,3,101.16,3284.48,55,0,0.0,5.0,2.0,55,25,
CUST_000271,2,2,108.48,2148.35,10,0,0.0,5.0,2.0,55,55,
CUST_000272,2,2,62.62,1502.95,60,0,0.0,5.0,,0,75,
CUST_000273,3,3,113.84,3958.76,6,0,0.0,5.0,,25,25,
CUST_000274,2,2,77.94,1622.1,10,0,0.0,5.0,,25,75,
CUST_000275,1,1,118.97,1427.61,6,0,0.0,5.0,,0,55,
CUST_000276,4,4,74.42,3524.69,30,3,4.9,2.7,3.0,80,20,2025-05-23
CUST_000277,3,2,87.03,3133.09,0,0,0.0,5.0,,0,75,
CUST_000278,2,2,129.73,2619.05,42,1,24.8,2.0,,50,30,2022-06-17
CUST_000279,2,1,90.08,1991.97,34,3,5.4,4.0,,25,75,2025-06-06
CUST_000280,3,3,98.53,3547.05,38,1,4.4,1.0,,25,20,2022-09-18
CUST_000281,1,0,92.75,1020.33,53,0,0.0,5.0,2.0,30,75,
CUST_000282,2,1,128.95,2998.98,23,1,20.5,4.0,,25,55,2023-09-23
CUST_000283,2,1,80.73,1811.65,20,0,0.0,5.0,,25,75,
CUST_000284,1,1,56.47,677.7,6,3,14.5,3.7,9.0,0,75,2025-06-20
CUST_000285,2,2,78.08,1873.8,5,0,0.0,5.0,,25,75,
CUST_000286,1,1,146.12,1464.16,41,2,5.4,5.0,,25,55,2023-09-30
CUST_000287,1,1,59.36,712.27,8,2,33.4,5.0,6.0,30,75,2025-04-03
CUST_000288,2,2,77.48,1714.08,16,0,0.0,5.0,,25,75,
CUST_000289,1,1,44.25,489.7,55,3,28.0,3.0,,0,50,2023-11-19
CUST_000290,3,3,87.8,2910.77,28,0,0.0,5.0,,25,45,
CUST_000291,1,1,57.69,692.26,3,1,11.6,5.0,,0,75,2025-04-14
CUST_000292,1,1,97.27,1070.32,2,2,8.9,4.0,6.0,55,75,2025-07-25
CUST_000293,3,3,94.98,3247.47,40,0,0.0,5.0,5.0,55,45,
CUST_000294,2,2,85.58,1955.01,60,1,0.8,4.0,,25,75,2025-06-29
CUST_000295,2,2,108.12,2448.04,24,0,0.0,5.0,,0,55,
CUST_000296,2,0,99.34,2384.17,52,0,0.0,5.0,,0,75,
CUST_000297,2,1,96.95,2326.84,8,0,0.0,5.0,,25,75,
CUST_000298,2,1,119.79,2581.54,32,0,0.0,5.0,,25,55,
CUST_000299,3,3,106.58,3774.5,44,2,41.6,3.5,5.0,55,0,2024-06-16
CUST_000300,1,1,84.26,928.83,57,0,0.0,5.0,,0,75,
CUST_000301,2,1,107.65,2531.49,32,4,8.9,3.8,8.0,45,55,2025-05-20
CUST_000302,3,2,108.35,3806.96,42,0,0.0,5.0,9.0,0,80,
CUST_000303,2,2,110.77,2592.03,19,0,0.0,5.0,,25,55,
CUST_000304,2,2,127.31,3055.36,49,2,31.1,5.0,,25,55,2023-05-29
CUST_000305,2,1,108.21,2384.32,54,0,0.0,5.0,,25,55,
CUST_000306,2,1,55.9,1341.67,39,0,0.0,5.0,,25,75,
CUST_000307,2,2,94.26,2147.62,29,2,7.6,2.5,6.0,80,50,2025-07-02
CUST_000308,1,1,59.57,714.8,40,1,5.4,5.0,,0,75,2025-03-25
CUST_000309,2,2,71.05,1622.44,0,0,0.0,5.0,6.0,55,75,
CUST_000310,1,0,146.13,1460.28,36,0,0.0,5.0,,0,55,
CUST_000311,2,2,80.2,1924.69,41,0,0.0,5.0,,25,75,
CUST_000312,4,3,78.54,3465.47,34,0,0.0,5.0,,25,45,
CUST_000313,4,4,80.09,3643.88,26,0,0.0,5.0,8.0,25,70,
CUST_000314,4,4,97.25,4587.7,43,2,22.0,4.5,6.0,55,45,2025-04-20
CUST_000315,3,3,104.37,3492.9,49,2,13.3,4.5,,25,25,2025-01-08
CUST_000316,1,1,86.23,951.95,31,0,0.0,5.0,,25,75,
CUST_000317,2,2,121.55,2692.98,26,1,0.9,2.0,,50,30,2025-05-28
CUST_000318,3,3,85.19,3066.7,10,0,0.0,5.0,3.0,30,45,
CUST_000319,1,1,66.22,794.69,0,0,0.0,5.0,,0,75,
CUST_000320,4,2,84.12,3945.02,15,3,17.9,3.0,,25,50,2025-02-21
CUST_000321,2,2,96.49,2315.73,51,3,6.7,3.7,,0,50,2023-03-01
CUST_000322,2,1,96.1,2149.98,7,1,16.9,5.0,,0,75,2025-04-06
CUST_000323,1,1,94.44,1133.28,31,3,22.9,2.7,,50,50,2025-06-10
CUST_000324,1,0,115.08,1268.1,14,0,0.0,5.0,,0,55,
CUST_000325,3,2,91.04,3006.44,0,2,21.2,2.5,8.0,50,75,2025-07-18
CUST_000326,3,2,81.16,2841.58,1,1,2.4,5.0,,25,75,2025-06-15
CUST_000327,4,4,84.16,3550.95,20,0,0.0,5.0,,25,45,
CUST_000328,3,3,94.56,3293.29,28,0,0.0,5.0,,25,45,
CUST_000329,4,3,95.74,4222.33,35,2,8.4,2.0,,50,20,2024-06-10
CUST_000330,3,2,100.26,3488.06,32,0,0.0,5.0,,25,55,
CUST_000331,2,2,93.28,2061.91,29,0,0.0,5.0,,25,75,
CUST_000332,2,2,75.29,1752.77,39,0,0.0,5.0,,25,75,
CUST_000333,2,2,87.86,2029.65,51,1,42.3,2.0,9.0,50,75,2021-12-30
CUST_000334,1,1,92.63,1111.6,7,1,2.7,5.0,,25,75,2025-02-14
CUST_000335,3,3,103.05,3597.52,17,1,18.4,5.0,,25,25,2024-10-08
CUST_000336,2,2,79.34,1679.15,18,0,0.0,5.0,6.0,55,75,
CUST_000337,1,0,100.19,1202.26,52,2,9.0,3.5,10.0,0,55,2024-12-16
CUST_000338,2,2,87.21,1982.04,23,1,2.6,4.0,,25,75,2024-12-25
CUST_000339,3,2,81.52,2934.84,49,0,0.0,5.0,8.0,25,100,
CUST_000340,1,1,55.14,661.64,6,0,0.0,5.0,,0,75,
CUST_000341,4,4,72.42,3302.34,0,0,0.0,5.0,,25,45,
CUST_000342,2,2,112.61,2488.57,2,0,0.0,5.0,,25,55,
CUST_000343,4,4,100.17,4724.6,26,0,0.0,5.0,,25,25,
CUST_000344,1,1,54.07,648.81,60,0,0.0,5.0,,0,75,
CUST_000345,2,1,99.48,2193.44,34,1,2.8,4.0,8.0,25,100,2024-02-21
CUST_000346,1,1,55.99,671.93,42,4,24.6,3.8,,45,50,2025-04-20
CUST_000347,2,2,86.14,2067.32,7,0,0.0,5.0,9.0,0,100,
CUST_000348,2,2,108.89,2335.44,3,0,0.0,5.0,,25,55,
CUST_000349,2,2,86.77,2082.41,6,1,30.6,4.0,,25,75,2025-07-18
CUST_000350,1,1,46.49,557.89,17,0,0.0,5.0,,0,75,
CUST_000351,2,2,93.63,1870.62,4,0,0.0,5.0,,25,75,
CUST_000352,4,3,111.79,5012.2,14,3,17.0,3.0,,25,0,2025-06-09
CUST_000353,2,2,73.08,1754.04,39,3,16.1,4.3,8.0,0,100,2024-12-07
CUST_000354,2,2,127.37,2964.28,49,1,4.7,5.0,,0,55,2021-09-20
CUST_000355,4,4,80.02,3398.91,59,0,0.0,5.0,,25,45,
CUST_000356,2,2,102.68,2380.98,38,0,0.0,5.0,,0,55,
CUST_000357,3,3,82.05,2763.41,32,2,6.4,3.5,,25,20,2024-11-02
CUST_000358,1,1,54.78,547.17,4,3,19.9,4.0,,25,75,2025-07-09
CUST_000359,1,1,100.74,1208.83,41,0,0.0,5.0,,0,55,
CUST_000360,1,1,81.09,891.17,53,0,0.0,5.0,,25,75,
CUST_000361,1,1,120.8,1289.09,23,0,0.0,5.0,8.0,0,80,
CUST_000362,2,2,83.64,1913.03,26,0,0.0,5.0,,25,75,
CUST_000363,3,3,76.05,2684.94,26,0,0.0,5.0,,25,45,
CUST_000364,2,1,84.85,1923.82,33,0,0.0,5.0,1.0,30,75,
CUST_000365,1,1,54.46,653.56,53,0,0.0,5.0,,0,75,
CUST_000366,1,1,100.21,1003.63,38,1,2.4,2.0,,50,30,2023-05-06
CUST_000367,4,3,99.18,4529.48,35,0,0.0,5.0,,25,45,
CUST_000368,1,1,97.4,1168.83,47,0,0.0,5.0,,0,75,
CUST_000369,1,1,156.81,1736.52,26,0,0.0,5.0,3.0,30,55,
CUST_000370,1,1,102.64,1231.63,22,0,0.0,5.0,,0,55,
CUST_000371,1,1,82.67,908.48,13,0,0.0,5.0,,0,75,
CUST_000372,1,0,69.45,833.42,29,2,34.0,4.5,,0,75,2025-03-20
CUST_000373,2,1,92.81,2227.53,2,0,0.0,5.0,,0,75,
CUST_000374,2,2,111.91,2475.12,54,4,17.4,4.0,,45,55,2024-05-01
CUST_000375,3,3,102.56,3355.34,42,0,0.0,5.0,9.0,25,50,
CUST_000376,2,1,87.39,2004.57,43,0,0.0,5.0,,25,75,
CUST_000377,2,2,110.41,2449.43,18,0,0.0,5.0,,25,55,
CUST_000378,3,3,91.49,2917.1,53,0,0.0,5.0,,25,45,
CUST_000379,2,2,63.31,1344.75,19,0,0.0,5.0,,25,75,
CUST_000380,2,1,77.47,1779.24,45,1,23.0,3.0,,25,50,2021-11-22
CUST_000381,1,1,102.39,1228.65,32,2,1.6,5.0,3.0,55,55,2025-05-04
CUST_000382,1,1,147.98,1628.41,50,0,0.0,5.0,,0,55,
CUST_000383,2,1,85.2,1874.44,5,0,0.0,5.0,,25,75,
CUST_000384,2,2,86.75,2081.89,12,0,0.0,5.0,9.0,0,100,
CUST_000385,1,1,64.44,773.25,43,0,0.0,5.0,5.0,30,75,
CUST_000386,4,3,104.22,4817.88,57,1,3.2,5.0,,25,25,2021-08-08
CUST_000387,3,2,86.71,2928.01,35,1,10.5,5.0,,25,75,2022-09-16
CUST_000388,2,2,106.47,2407.45,28,2,5.2,3.5,8.0,0,55,2025-05-25
CUST_000389,3,2,83.93,3021.34,47,3,34.4,3.7,,25,50,2024-12-14
CUST_000390,2,2,95.34,1992.88,2,4,25.4,3.8,,45,50,2025-07-30
CUST_000391,1,1,81.16,973.97,39,3,25.3,3.7,,25,50,2024-09-19
CUST_000392,3,2,91.48,3109.97,24,4,22.0,3.2,9.0,45,75,2025-06-26
CUST_000393,2,2,87.17,2029.27,24,0,0.0,5.0,,0,75,
CUST_000394,1,0,147.29,1620.69,54,1,3.5,5.0,,25,55,2022-07-30
CUST_000395,2,2,124.27,2708.67,44,0,0.0,5.0,9.0,25,80,
CUST_000396,3,2,85.0,2768.83,51,0,0.0,5.0,10.0,25,100,
CUST_000397,3,3,69.05,2277.17,33,1,27.7,5.0,,25,45,2022-11-08
CUST_000398,1,1,116.99,1176.86,51,0,0.0,5.0,,25,55,
CUST_000399,1,1,114.6,1259.62,8,0,0.0,5.0,,0,55,
CUST_000400,1,1,104.24,1250.9,4,0,0.0,5.0,8.0,0,80,
CUST_000401,3,2,89.7,3162.63,38,1,1.6,5.0,,25,75,2024-07-26
CUST_000402,1,1,76.46,917.58,48,0,0.0,5.0,,0,75,
CUST_000403,1,1,63.33,759.93,31,0,0.0,5.0,7.0,0,75,
CUST_000404,2,2,67.99,1588.55,57,0,0.0,5.0,,25,75,
CUST_000405,2,1,87.07,1831.51,57,0,0.0,5.0,,25,75,
CUST_000406,3,3,102.23,3523.07,13,1,5.0,5.0,4.0,55,25,2025-04-22
CUST_000407,4,4,94.13,4364.29,20,2,26.7,4.5,,25,45,2024-12-25
CUST_000408,2,2,76.88,1845.22,29,3,31.2,5.0,9.0,25,100,2025-04-17
CUST_000409,2,2,98.48,2363.48,55,0,0.0,5.0,,0,75,
CUST_000410,1,0,65.59,729.45,54,0,0.0,5.0,,0,75,
CUST_000411,1,1,65.38,784.58,14,3,15.7,4.3,,0,75,2025-05-07
CUST_000412,3,2,74.75,2691.13,3,0,0.0,5.0,,0,75,
CUST_000413,2,2,78.29,1783.33,42,0,0.0,5.0,2.0,55,75,
CUST_000414,1,1,57.54,690.48,22,1,3.9,3.0,,0,50,2024-07-31
CUST_000415,3,3,86.15,3034.02,36,1,15.3,5.0,,0,45,2025-04-12
CUST_000416,2,2,73.31,1679.97,14,2,35.6,4.5,,25,75,2024-12-01
CUST_000417,1,1,106.95,1185.54,53,1,3.6,4.0,,0,55,2025-05-06
CUST_000418,1,1,114.67,1376.06,7,0,0.0,5.0,,0,55,
CUST_000419,2,1,68.56,1355.62,56,2,18.0,2.5,,50,50,2025-04-07
CUST_000420,2,2,74.92,1720.19,32,0,0.0,5.0,,25,75,
CUST_000421,3,2,85.18,2771.79,25,0,0.0,5.0,,25,75,
CUST_000422,1,0,153.01,1691.08,26,0,0.0,5.0,,25,55,
CUST_000423,2,1,64.14,1539.34,27,0,0.0,5.0,,25,75,
CUST_000424,1,1,116.67,1400.06,60,0,0.0,5.0,,0,55,
CUST_000425,2,2,90.62,2083.03,2,0,0.0,5.0,,25,75,
CUST_000426,1,1,76.6,851.72,42,0,0.0,5.0,8.0,0,100,
CUST_000427,2,2,99.6,2275.8,2,0,0.0,5.0,,25,75,
CUST_000428,2,2,76.55,1634.72,52,0,0.0,5.0,,25,75,
CUST_000429,1,1,69.86,838.38,41,0,0.0,5.0,10.0,0,100,
CUST_000430,1,0,152.52,1655.16,11,0,0.0,5.0,,0,55,
CUST_000431,4,4,105.03,4834.81,26,3,4.0,2.7,,50,0,2025-07-05
CUST_000432,2,2,93.69,2024.36,16,2,16.3,4.5,10.0,25,100,2025-02-08
CUST_000433,3,2,94.09,2882.14,56,0,0.0,5.0,6.0,55,75,
CUST_000434,1,0,107.36,1288.34,39,0,0.0,5.0,,0,55,
CUST_000435,1,1,147.33,1767.96,23,0,0.0,5.0,,0,55,
CUST_000436,2,0,75.65,1530.29,4,0,0.0,5.0,6.0,55,75,
CUST_000437,2,1,106.47,2457.19,38,3,12.0,4.3,4.0,55,55,2024-10-10
CUST_000438,2,2,94.35,2184.12,26,0,0.0,5.0,5.0,30,75,
CUST_000439,1,1,118.5,1166.66,35,0,0.0,5.0,5.0,55,55,
CUST_000440,1,1,120.64,1223.24,29,0,0.0,5.0,,25,55,
CUST_000441,3,3,65.06,2296.0,6,2,7.5,4.0,,25,45,2025-07-03
CUST_000442,2,1,79.12,1834.1,58,0,0.0,5.0,,25,75,
CUST_000443,3,3,108.42,3903.03,24,1,27.7,2.0,,25,0,2025-04-20
CUST_000444,2,1,74.72,1793.22,2,0,0.0,5.0,5.0,30,75,
CUST_000445,1,1,99.41,1093.18,20,2,16.1,3.0,,0,50,2024-09-17
CUST_000446,3,3,106.97,3753.56,40,1,12.1,2.0,,50,0,2023-09-21
CUST_000447,1,1,68.55,822.66,30,0,0.0,5.0,,0,75,
CUST_000448,2,2,116.54,2796.9,49,0,0.0,5.0,,0,55,
CUST_000449,1,1,98.36,1090.47,9,3,24.5,3.7,,25,50,2025-03-29
CUST_000450,2,2,85.62,1955.64,6,0,0.0,5.0,9.0,25,100,
CUST_000451,1,1,107.13,1285.6,45,0,0.0,5.0,,0,55,
CUST_000452,2,2,117.53,2742.51,7,4,37.6,3.8,,45,30,2025-06-29
CUST_000453,4,4,99.35,4499.48,5,3,2.5,3.7,,25,20,2025-06-27
CUST_000454,2,2,97.46,2339.15,25,0,0.0,5.0,,0,75,
CUST_000455,2,2,90.63,2063.86,16,0,0.0,5.0,,25,75,
CUST_000456,4,4,106.85,5016.93,15,0,0.0,5.0,5.0,55,25,
CUST_000457,2,2,99.97,2306.21,25,3,16.7,3.3,,25,50,2025-04-15
CUST_000458,3,3,97.12,3385.13,12,0,0.0,5.0,,0,45,
CUST_000459,3,3,116.45,4114.0,55,1,20.7,4.0,,25,25,2022-08-19
CUST_000460,1,1,54.55,602.38,25,2,6.6,5.0,,25,75,2024-09-11
CUST_000461,2,2,62.6,1439.48,46,0,0.0,5.0,,25,75,
CUST_000462,2,2,105.85,2462.47,1,3,5.3,2.7,8.0,50,55,2025-07-28
CUST_000463,4,4,98.73,4738.84,9,0,0.0,5.0,9.0,25,70,
CUST_000464,1,1,92.88,1114.61,60,0,0.0,5.0,,0,75,
CUST_000465,1,1,79.35,708.47,47,0,0.0,5.0,,25,75,
CUST_000466,2,2,76.46,1656.97,6,1,7.3,4.0,,25,75,2025-03-07
CUST_000467,2,1,84.76,1894.89,36,0,0.0,5.0,,0,75,
CUST_000468,3,2,107.53,3417.75,19,0,0.0,5.0,1.0,55,55,
CUST_000469,3,2,97.55,3419.45,18,0,0.0,5.0,,25,75,
CUST_000470,1,1,65.98,725.94,46,0,0.0,5.0,,0,75,
CUST_000471,3,2,89.91,2929.87,40,0,0.0,5.0,,25,75,
CUST_000472,2,2,97.94,2045.9,29,1,0.9,3.0,,25,50,2023-08-22
CUST_000473,1,1,90.86,1090.34,49,0,0.0,5.0,,0,75,
CUST_000474,2,2,84.43,1860.93,27,1,28.3,1.0,7.0,50,50,2024-04-15
CUST_000475,1,1,71.84,862.09,47,2,11.4,3.5,,25,50,2024-10-08
CUST_000476,2,2,103.82,2058.46,30,0,0.0,5.0,6.0,55,55,
CUST_000477,2,2,84.69,1939.11,45,2,16.3,4.0,,25,75,2024-10-10
CUST_000478,1,0,80.46,965.51,42,4,3.4,3.8,,45,50,2025-05-28
CUST_000479,4,3,100.84,4416.99,5,0,0.0,5.0,5.0,55,25,
CUST_000480,3,2,94.75,3329.25,30,0,0.0,5.0,,0,75,
CUST_000481,2,1,75.31,1754.86,11,2,12.6,4.0,,25,75,2025-07-14
CUST_000482,1,1,69.2,830.42,2,3,17.5,3.7,9.0,0,75,2025-07-21
CUST_000483,1,1,115.62,1387.46,47,0,0.0,5.0,,0,55,
CUST_000484,2,2,75.8,1756.52,18,3,30.3,3.0,,25,50,2025-07-24
CUST_000485,4,3,98.77,3984.55,23,2,22.7,4.0,,25,45,2025-05-19
CUST_000486,2,2,63.1,1460.66,47,0,0.0,5.0,,0,75,
CUST_000487,2,1,77.14,1686.69,57,0,0.0,5.0,10.0,25,100,
CUST_000488,1,1,102.36,882.45,38,0,0.0,5.0,,25,55,
CUST_000489,2,1,82.89,1795.63,16,0,0.0,5.0,,25,75,
CUST_000490,2,1,101.9,2333.95,9,0,0.0,5.0,,25,55,
CUST_000491,2,1,88.17,2033.72,42,0,0.0,5.0,,25,75,
CUST_000492,4,2,75.17,3496.46,48,2,22.8,3.0,1.0,55,50,2023-08-20
CUST_000493,1,1,147.04,1764.44,25,0,0.0,5.0,8.0,0,80,
CUST_000494,2,2,74.4,1785.53,32,0,0.0,5.0,,25,75,
CUST_000495,3,3,104.06,3746.17,4,1,2.5,5.0,5.0,55,25,2025-05-03
CUST_000496,1,1,59.66,715.9,58,0,0.0,5.0,5.0,30,75,
CUST_000497,3,2,101.98,3671.27,52,1,1.7,5.0,,0,55,2025-05-05
CUST_000498,1,1,112.73,1237.48,11,2,24.7,2.5,,25,30,2025-01-19
CUST_000499,4,3,111.1,5189.47,27,0,0.0,5.0,,25,25,
CUST_000500,3,2,106.04,3699.3,23,0,0.0,5.0,,25,55,
CUST_000501,2,2,60.09,1322.94,24,0,0.0,5.0,,25,75,
CUST_000502,1,1,86.01,951.22,51,0,0.0,5.0,,0,75,
CUST_000503,1,1,99.93,1106.84,50,0,0.0,5.0,,25,75,
CUST_000504,1,0,99.38,1077.95,35,3,12.0,5.0,7.0,0,75,2024-02-08
CUST_000505,1,1,68.8,825.58,56,2,34.0,4.0,,25,75,2022-04-22
CUST_000506,1,1,116.43,1282.17,28,0,0.0,5.0,6.0,30,55,
CUST_000507,2,2,81.8,1899.7,36,1,40.5,3.0,,25,50,2023-02-22
CUST_000508,3,3,84.9,3056.53,30,1,5.7,3.0,,25,20,2023-05-25
CUST_000509,3,2,90.4,2759.15,59,1,14.0,5.0,2.0,55,75,2021-12-18
CUST_000510,4,3,111.38,5105.14,35,0,0.0,5.0,9.0,25,50,
CUST_000511,3,3,91.42,3126.98,3,1,4.1,1.0,,50,20,2025-05-23
CUST_000512,2,2,125.63,3015.17,60,0,0.0,5.0,5.0,30,55,
CUST_000513,1,1,147.11,1765.38,14,1,17.7,3.0,,0,30,2024-11-01
CUST_000514,1,1,84.47,1013.63,31,1,34.7,5.0,,0,75,2025-02-08
CUST_000515,2,2,130.81,2882.31,47,0,0.0,5.0,,25,55,
CUST_000516,4,3,88.12,4115.64,50,0,0.0,5.0,,25,45,
CUST_000517,1,1,80.35,802.96,16,0,0.0,5.0,,25,75,
CUST_000518,2,2,109.26,2474.78,49,3,17.9,3.3,,25,30,2025-01-25
CUST_000519,2,1,94.34,2198.41,57,3,10.2,3.7,4.0,55,50,2023-09-30
CUST_000520,2,2,111.19,2357.9,29,2,4.8,4.0,,25,55,2025-06-11
CUST_000521,2,2,79.6,1808.99,30,0,0.0,5.0,,0,75,
CUST_000522,1,1,45.61,502.99,15,0,0.0,5.0,,25,75,
CUST_000523,2,1,95.02,2280.55,56,0,0.0,5.0,,25,75,
CUST_000524,2,2,65.86,1528.11,31,0,0.0,5.0,8.0,25,100,
CUST_000525,2,2,85.73,1661.22,31,2,4.1,3.5,7.0,25,50,2024-03-03
CUST_000526,1,1,148.44,1781.34,6,3,23.6,2.7,,50,30,2025-06-02
CUST_000527,2,2,101.71,2216.49,27,0,0.0,5.0,,25,55,
CUST_000528,1,1,84.26,1011.11,16,0,0.0,5.0,,0,75,
CUST_000529,3,3,87.82,2877.34,36,2,22.3,2.5,9.0,50,45,2024-01-27
CUST_000530,1,1,59.2,710.44,48,1,5.5,4.0,,0,75,2023-01-26
CUST_000531,2,2,83.97,1950.38,2,2,21.3,3.5,,25,50,2025-06-22
CUST_000532,2,1,83.28,1998.64,50,0,0.0,5.0,3.0,55,75,
CUST_000533,2,2,88.81,2067.94,36,0,0.0,5.0,,25,75,
CUST_000534,3,1,113.21,3932.22,29,0,0.0,5.0,,25,55,
CUST_000535,1,1,101.29,1117.0,31,0,0.0,5.0,8.0,0,80,
CUST_000536,2,2,91.9,2124.8,38,0,0.0,5.0,,0,75,
CUST_000537,4,4,99.75,4609.19,59,1,50.1,3.0,,25,20,2023-02-28
CUST_000538,1,1,97.73,1080.75,26,0,0.0,5.0,,25,75,
CUST_000539,2,2,101.04,2372.76,12,0,0.0,5.0,6.0,55,55,
CUST_000540,2,2,74.7,1578.69,29,0,0.0,5.0,,25,75,
CUST_000541,1,1,120.53,1446.33,45,0,0.0,5.0,,0,55,
CUST_000542,3,3,85.92,3093.11,48,0,0.0,5.0,8.0,25,70,
CUST_000543,3,2,123.54,4353.35,18,0,0.0,5.0,,25,55,
CUST_000544,2,2,107.32,2471.55,17,2,41.3,3.5,,25,30,2025-04-17
CUST_000545,2,1,102.19,2299.77,60,1,28.2,4.0,,25,55,2023-04-12
CUST_000546,1,1,56.91,629.99,37,0,0.0,5.0,,0,75,
CUST_000547,2,2,117.22,2670.14,43,0,0.0,5.0,,25,55,
CUST_000548,1,1,104.18,1250.14,58,0,0.0,5.0,,0,55,
CUST_000549,2,2,107.43,2356.15,30,0,0.0,5.0,,25,55,
CUST_000550,2,2,98.68,2176.75,30,1,2.4,5.0,9.0,25,100,2024-05-03
CUST_000551,2,0,130.65,2909.31,51,1,51.4,1.0,,50,30,2022-09-29
CUST_000552,2,2,119.03,2710.76,27,0,0.0,5.0,,25,55,
CUST_000553,1,1,87.99,859.08,33,3,1.9,4.0,,25,75,2024-11-26
CUST_000554,3,3,79.87,2534.3,47,0,0.0,5.0,,25,45,
CUST_000555,2,2,109.31,2623.44,30,0,0.0,5.0,,0,55,
CUST_000556,2,2,65.58,1531.55,11,3,15.8,4.7,,0,75,2025-03-12
CUST_000557,1,1,114.61,1375.36,55,0,0.0,5.0,,0,55,
CUST_000558,1,1,93.24,1030.2,36,0,0.0,5.0,10.0,25,100,
CUST_000559,2,1,92.35,2149.49,31,1,44.0,5.0,,25,75,2023-10-23
CUST_000560,3,3,82.01,2952.38,2,0,0.0,5.0,,25,45,
CUST_000561,3,2,91.07,3050.07,12,1,1.8,2.0,,50,50,2025-01-08
CUST_000562,1,1,71.29,722.9,10,0,0.0,5.0,,0,75,
CUST_000563,3,3,91.95,3064.35,7,0,0.0,5.0,,25,45,
CUST_000564,4,4,102.25,4742.19,59,1,2.0,4.0,6.0,55,25,2023-06-01
CUST_000565,2,1,54.53,1308.61,45,0,0.0,5.0,,0,75,
CUST_000566,2,1,61.27,1315.47,24,0,0.0,5.0,10.0,25,100,
CUST_000567,2,2,119.78,2695.31,25,0,0.0,5.0,,25,55,
CUST_000568,1,1,73.71,710.14,49,0,0.0,5.0,6.0,55,75,
CUST_000569,1,1,54.69,544.59,14,1,21.2,5.0,,25,75,2025-01-30
CUST_000570,2,2,96.19,2147.88,10,2,7.5,4.0,8.0,25,100,2025-04-22
CUST_000571,2,2,119.9,2587.3,20,2,27.1,5.0,,25,55,2025-04-04
CUST_000572,1,1,91.09,1093.03,42,1,15.8,5.0,,0,75,2022-04-05
CUST_000573,4,3,97.84,4696.28,7,3,33.6,3.0,,0,20,2025-06-26
CUST_000574,2,2,108.04,2443.45,36,2,45.1,3.5,4.0,55,30,2023-07-20
CUST_000575,2,2,97.46,2338.97,11,0,0.0,5.0,,25,75,
CUST_000576,2,2,94.55,2045.95,25,0,0.0,5.0,,25,75,
CUST_000577,1,0,108.65,1303.78,32,0,0.0,5.0,,0,55,
CUST_000578,1,1,78.42,941.06,16,1,2.9,1.0,,25,50,2025-02-27
CUST_000579,1,0,117.68,1298.02,26,1,5.1,4.0,,25,55,2024-05-27
CUST_000580,3,3,81.73,2850.97,60,0,0.0,5.0,,25,45,
CUST_000581,2,2,79.19,1732.49,9,1,3.1,3.0,,25,50,2024-12-07
CUST_000582,1,1,51.54,618.43,21,1,7.3,3.0,,0,50,2024-08-02
CUST_000583,2,1,92.3,2100.45,37,0,0.0,5.0,,25,75,
CUST_000584,2,2,129.23,3101.54,55,0,0.0,5.0,,0,55,
CUST_000585,1,1,64.44,718.53,56,4,8.3,4.5,,20,75,2023-06-22
CUST_000586,1,1,72.46,803.08,58,0,0.0,5.0,,25,75,
CUST_000587,3,3,86.15,3048.21,10,1,21.0,4.0,,25,45,2025-07-23
CUST_000588,2,1,51.98,1201.41,24,0,0.0,5.0,,25,75,
CUST_000589,2,1,68.22,1570.82,19,0,0.0,5.0,,25,75,
CUST_000590,2,2,100.05,2188.62,4,0,0.0,5.0,,25,55,
CUST_000591,3,2,97.78,3408.55,55,0,0.0,5.0,,0,75,
CUST_000592,2,2,119.12,2779.73,52,0,0.0,5.0,,0,55,
CUST_000593,2,2,74.88,1715.61,41,0,0.0,5.0,,25,75,
CUST_000594,4,3,101.54,4539.27,23,1,21.6,5.0,,25,25,2025-04-06
CUST_000595,3,2,70.26,2342.31,31,3,12.5,4.3,,25,75,2025-03-09
CUST_000596,2,2,84.4,1868.28,11,0,0.0,5.0,,25,75,
CUST_000597,2,2,83.94,1828.53,28,1,9.5,4.0,,25,75,2025-03-06
CUST_000598,2,1,79.7,1677.11,25,0,0.0,5.0,,25,75,
CUST_000599,1,1,91.43,1097.18,43,0,0.0,5.0,,0,75,
CUST_000600,2,2,77.66,1780.92,11,0,0.0,5.0,,25,75,
CUST_000601,2,1,88.51,1961.21,15,0,0.0,5.0,,0,75,
CUST_000602,2,2,87.65,1990.36,32,0,0.0,5.0,,0,75,
CUST_000603,4,4,98.69,4538.83,49,0,0.0,5.0,,25,45,
CUST_000604,1,1,117.94,1415.32,22,1,2.4,3.0,2.0,30,30,2025-01-22
CUST_000605,2,2,110.92,2596.66,35,1,15.5,4.0,,25,55,2025-01-14
CUST_000606,2,2,120.72,2803.95,52,0,0.0,5.0,,25,55,
CUST_000607,1,1,49.97,599.68,21,0,0.0,5.0,,0,75,
CUST_000608,2,2,76.5,1835.91,28,0,0.0,5.0,,0,75,
CUST_000609,1,0,82.57,990.81,40,2,3.0,4.0,8.0,0,100,2023-08-03
CUST_000610,3,3,73.45,2553.81,56,4,20.1,3.2,,45,20,2025-07-03
CUST_000611,3,2,83.72,2713.78,25,0,0.0,5.0,,25,75,
CUST_000612,1,1,108.03,1296.32,8,0,0.0,5.0,,0,55,
CUST_000613,2,1,99.07,1844.76,31,1,38.7,4.0,,25,75,2023-06-28
CUST_000614,3,3,114.89,3718.36,45,1,0.5,1.0,7.0,50,0,2023-04-28
CUST_000615,1,1,80.47,965.65,18,1,8.0,4.0,,0,75,2025-05-19
CUST_000616,2,2,60.46,1450.92,50,1,3.3,4.0,,0,75,2023-09-04
CUST_000617,2,1,74.57,1595.06,58,0,0.0,5.0,,25,75,
CUST_000618,3,3,96.56,3379.89,34,0,0.0,5.0,,25,45,
CUST_000619,3,2,113.38,3938.53,5,0,0.0,5.0,,25,55,
CUST_000620,2,2,105.76,2538.2,22,3,6.9,4.7,,0,55,2025-07-15
CUST_000621,3,2,80.53,2763.23,57,1,1.7,3.0,8.0,0,75,2025-02-16
CUST_000622,2,2,83.38,2001.16,30,0,0.0,5.0,,0,75,
CUST_000623,2,1,121.75,2632.01,44,0,0.0,5.0,,25,55,
CUST_000624,4,2,86.51,3857.24,4,0,0.0,5.0,,25,75,
CUST_000625,3,2,82.18,2655.19,12,1,16.6,2.0,9.0,50,75,2025-07-18
CUST_000626,3,3,84.44,2894.21,1,0,0.0,5.0,,25,45,
CUST_000627,2,2,108.34,2600.04,24,0,0.0,5.0,,25,55,
CUST_000628,2,2,123.1,2465.65,60,0,0.0,5.0,,25,55,
CUST_000629,1,1,87.34,1048.12,49,1,3.8,3.0,,0,50,2024-09-16
CUST_000630,1,1,72.01,864.09,43,0,0.0,5.0,,0,75,
CUST_000631,2,2,75.84,1739.8,5,0,0.0,5.0,,25,75,
CUST_000632,1,1,84.05,1008.55,25,0,0.0,5.0,,25,75,
CUST_000633,3,3,87.98,3047.41,40,3,5.4,4.7,,25,45,2024-08-18
CUST_000634,1,0,69.07,828.86,24,0,0.0,5.0,7.0,0,75,
CUST_000635,1,1,83.64,924.23,60,0,0.0,5.0,8.0,0,100,
CUST_000636,3,3,91.3,3205.3,43,0,0.0,5.0,,25,45,
CUST_000637,2,2,117.16,2604.71,17,0,0.0,5.0,9.0,25,80,
CUST_000638,2,2,134.69,2977.06,19,3,21.1,3.0,,25,30,2025-04-02
CUST_000639,3,3,87.88,3096.4,2,1,3.9,4.0,,0,45,2025-06-20
CUST_000640,1,0,97.19,1070.52,47,2,1.8,3.5,,25,50,2024-10-20
CUST_000641,1,1,66.01,792.1,7,0,0.0,5.0,,0,75,
CUST_000642,4,3,95.57,4289.17,55,2,6.2,3.0,,25,20,2023-06-03
CUST_000643,2,2,123.94,2879.02,9,0,0.0,5.0,,25,55,
CUST_000644,3,3,117.02,4112.84,12,0,0.0,5.0,,25,25,
CUST_000645,2,1,79.29,1660.46,29,2,4.7,3.0,4.0,55,50,2024-07-04
CUST_000646,1,1,51.53,618.37,31,0,0.0,5.0,,0,75,
CUST_000647,1,1,151.65,1819.74,40,0,0.0,5.0,7.0,0,55,
CUST_000648,1,1,67.93,728.54,5,0,0.0,5.0,,0,75,
CUST_000649,1,1,64.48,773.79,2,1,17.6,5.0,,0,75,2025-06-24
CUST_000650,2,2,118.74,2534.41,38,0,0.0,5.0,,25,55,
CUST_000651,2,2,78.58,1772.65,20,2,1.8,2.5,,50,50,2025-03-26
CUST_000652,3,2,77.66,2660.18,0,2,13.8,4.5,,25,75,2025-07-22
CUST_000653,2,1,90.04,1880.69,25,0,0.0,5.0,7.0,25,75,
CUST_000654,3,1,79.88,2794.18,42,1,16.4,4.0,8.0,25,100,2022-07-14
CUST_000655,2,1,83.38,1954.79,31,0,0.0,5.0,,25,75,
CUST_000656,3,3,120.82,4106.38,26,0,0.0,5.0,10.0,25,50,
CUST_000657,1,1,53.94,599.85,60,2,11.7,3.5,,0,50,2022-08-24
CUST_000658,1,1,66.3,730.56,26,0,0.0,5.0,,0,75,
CUST_000659,2,2,65.44,1570.65,42,1,4.3,5.0,,0,75,2025-04-19
CUST_000660,1,1,62.07,634.6,27,2,25.0,4.5,,0,75,2025-04-10
CUST_000661,3,2,75.34,2550.36,28,0,0.0,5.0,10.0,25,100,
CUST_000662,2,1,79.05,1897.29,44,0,0.0,5.0,,0,75,
CUST_000663,2,2,81.23,1949.62,22,0,0.0,5.0,,0,75,
CUST_000664,1,1,116.07,1254.95,60,1,2.1,5.0,7.0,0,55,2022-07-07
CUST_000665,1,1,80.7,968.38,36,0,0.0,5.0,6.0,30,75,
CUST_000666,2,2,88.67,2128.05,53,0,0.0,5.0,,0,75,
CUST_000667,2,2,68.28,1394.84,19,2,6.9,2.5,,50,50,2025-03-23
CUST_000668,3,2,115.16,4145.59,58,0,0.0,5.0,6.0,30,55,
CUST_000669,2,2,133.4,3201.63,27,2,21.0,3.0,7.0,0,30,2024-01-19
CUST_000670,2,1,132.34,3064.65,46,1,9.5,4.0,6.0,55,55,2023-06-14
CUST_000671,1,1,87.32,1047.82,39,1,22.9,5.0,,0,75,2024-10-04
CUST_000672,1,1,148.17,1778.02,19,1,30.2,3.0,,0,30,2024-01-01
CUST_000673,3,2,70.87,2184.78,36,2,27.4,4.0,10.0,25,100,2023-10-24
CUST_000674,2,1,134.92,3238.05,31,4,20.0,3.0,,45,30,2025-05-18
CUST_000675,2,2,96.0,2092.74,39,2,5.5,4.0,7.0,25,75,2023-10-26
CUST_000676,2,1,114.35,2653.16,34,0,0.0,5.0,,0,55,
CUST_000677,1,1,114.76,1264.85,24,0,0.0,5.0,,0,55,
CUST_000678,3,1,99.46,3414.55,6,1,23.4,2.0,,50,50,2025-05-19
CUST_000679,4,3,85.57,3860.87,47,0,0.0,5.0,9.0,25,70,
CUST_000680,1,1,112.67,1239.16,24,0,0.0,5.0,,25,55,
CUST_000681,3,3,76.76,2600.41,58,0,0.0,5.0,9.0,25,70,
CUST_000682,3,3,99.84,3594.32,49,0,0.0,5.0,,25,45,
CUST_000683,1,1,57.78,639.25,45,0,0.0,5.0,5.0,30,75,
CUST_000684,4,4,107.24,4888.71,33,2,3.3,4.0,9.0,25,50,2025-05-06
CUST_000685,2,2,56.41,1353.85,23,2,9.7,3.5,9.0,25,75,2025-05-03
CUST_000686,2,2,105.2,2524.81,0,0,0.0,5.0,8.0,25,80,
CUST_000687,2,2,109.65,2518.06,15,0,0.0,5.0,,25,55,
CUST_000688,3,2,72.72,2470.55,28,0,0.0,5.0,,25,75,
CUST_000689,2,2,108.52,2604.6,39,0,0.0,5.0,7.0,0,55,
CUST_000690,1,1,100.35,1105.8,19,0,0.0,5.0,,0,55,
CUST_000691,2,2,73.91,1773.86,14,1,19.9,4.0,,25,75,2024-08-04
CUST_000692,2,2,130.15,2924.43,57,4,4.9,2.8,,70,30,2024-10-30
CUST_000693,2,1,78.5,1700.96,5,0,0.0,5.0,,25,75,
CUST_000694,1,0,86.09,950.13,38,2,5.7,4.0,,0,75,2024-03-26
CUST_000695,3,2,94.0,3383.94,49,1,3.4,5.0,,0,75,2021-12-25
CUST_000696,1,1,151.42,1671.04,60,1,4.5,5.0,6.0,30,55,2022-11-18
CUST_000697,2,2,106.1,2334.58,51,2,24.3,3.0,,25,30,2021-10-29
CUST_000698,4,4,101.99,4819.27,40,0,0.0,5.0,,25,25,
CUST_000699,1,1,151.05,1520.79,7,0,0.0,5.0,,25,55,
CUST_000700,4,2,108.48,4950.48,15,0,0.0,5.0,,25,55,
CUST_000701,3,3,73.69,2400.21,16,0,0.0,5.0,,25,45,
CUST_000702,3,2,110.99,3907.43,12,2,21.3,4.5,,25,55,2025-02-25
CUST_000703,2,2,124.67,2903.41,23,0,0.0,5.0,,25,55,
CUST_000704,2,0,129.55,3109.1,31,0,0.0,5.0,,25,55,
CUST_000705,1,1,61.09,733.07,52,1,47.1,3.0,,0,50,2022-10-28
CUST_000706,1,1,146.95,1763.44,15,0,0.0,5.0,,0,55,
CUST_000707,3,2,82.17,2791.38,37,0,0.0,5.0,,25,75,
CUST_000708,4,4,99.55,4580.01,8,1,7.8,3.0,2.0,55,20,2025-03-06
CUST_000709,1,1,59.85,718.17,4,3,4.7,3.7,,0,50,2025-06-30
CUST_000710,1,1,82.78,993.39,14,0,0.0,5.0,,25,75,
CUST_000711,1,1,149.63,1795.56,14,1,2.7,4.0,,0,55,2025-03-18
CUST_000712,2,1,81.55,1957.16,22,0,0.0,5.0,5.0,55,75,
CUST_000713,2,1,127.99,2781.69,8,1,31.5,5.0,3.0,55,55,2025-06-29
CUST_000714,2,2,89.51,2148.18,43,0,0.0,5.0,8.0,0,100,
CUST_000715,3,3,92.74,3071.91,6,0,0.0,5.0,,25,45,
CUST_000716,1,0,94.56,1134.73,6,1,67.6,4.0,,25,75,2025-01-03
CUST_000717,2,2,90.04,1914.63,37,0,0.0,5.0,,25,75,
CUST_000718,2,2,129.34,2810.64,19,0,0.0,5.0,8.0,25,80,
CUST_000719,1,0,152.05,1680.38,18,2,41.6,4.5,9.0,25,80,2024-12-28
CUST_000720,2,2,60.18,1336.05,14,1,26.9,1.0,,50,50,2025-04-18
CUST_000721,1,1,83.0,916.43,10,0,0.0,5.0,7.0,0,75,
CUST_000722,4,3,85.08,4004.58,56,0,0.0,5.0,,25,45,
CUST_000723,3,3,78.64,2720.58,57,1,15.0,3.0,,25,20,2024-08-28
CUST_000724,3,3,104.96,3684.11,45,3,14.0,4.3,,25,25,2024-11-26
CUST_000725,2,2,107.01,2503.78,2,0,0.0,5.0,,25,55,
CUST_000726,2,2,124.84,2880.22,51,0,0.0,5.0,,25,55,
CUST_000727,3,2,109.12,3780.49,60,0,0.0,5.0,,25,55,
CUST_000728,3,2,89.19,2975.02,59,0,0.0,5.0,,25,75,
CUST_000729,1,1,102.34,1131.47,40,1,25.1,4.0,6.0,30,55,2022-08-08
CUST_000730,2,1,91.04,2089.25,38,0,0.0,5.0,,25,75,
CUST_000731,1,0,60.49,671.55,14,3,17.4,3.0,,0,50,2025-07-17
CUST_000732,3,2,115.79,3724.93,25,2,7.6,5.0,,25,55,2024-08-25
CUST_000733,3,2,81.13,2569.94,41,1,37.9,5.0,,25,75,2025-01-30
CUST_000734,3,3,121.02,4118.79,6,0,0.0,5.0,,25,25,
CUST_000735,1,1,117.97,1415.59,57,0,0.0,5.0,,25,55,
CUST_000736,2,1,134.56,2956.97,39,0,0.0,5.0,8.0,25,80,
CUST_000737,3,3,85.95,2908.65,49,0,0.0,5.0,9.0,25,70,
CUST_000738,2,2,112.19,2577.77,28,0,0.0,5.0,,25,55,
CUST_000739,3,3,73.49,2545.25,37,0,0.0,5.0,,25,45,
CUST_000740,3,2,104.11,3688.27,48,0,0.0,5.0,,0,55,
CUST_000741,2,1,98.85,2293.68,45,1,7.5,5.0,,25,75,2022-06-26
CUST_000742,1,1,65.42,719.84,32,2,5.3,3.0,,0,50,2025-06-20
CUST_000743,1,0,90.34,1084.03,11,3,10.8,3.0,4.0,30,50,2025-06-26
CUST_000744,1,0,56.82,625.2,7,0,0.0,5.0,,0,75,
CUST_000745,2,1,90.99,2073.12,33,1,3.4,5.0,7.0,25,75,2024-11-05
CUST_000746,2,2,125.14,2902.71,54,0,0.0,5.0,,25,55,
CUST_000747,2,2,130.12,3007.32,47,0,0.0,5.0,10.0,25,80,
CUST_000748,3,2,88.7,2971.88,54,0,0.0,5.0,,25,75,
CUST_000749,1,1,149.39,1462.8,37,0,0.0,5.0,3.0,55,55,
CUST_000750,2,2,91.78,2124.13,5,0,0.0,5.0,,25,75,
CUST_000751,1,1,61.13,733.52,17,0,0.0,5.0,,0,75,
CUST_000752,4,2,105.26,5052.27,19,0,0.0,5.0,,25,55,
CUST_000753,2,2,68.53,1584.95,55,1,2.6,4.0,,25,75,2023-07-20
CUST_000754,2,2,109.88,2637.18,11,0,0.0,5.0,,25,55,
CUST_000755,2,2,87.33,1995.59,39,1,0.8,4.0,,25,75,2024-12-20
CUST_000756,4,4,77.68,3355.78,32,0,0.0,5.0,,25,45,
CUST_000757,2,1,78.84,1892.25,58,0,0.0,5.0,8.0,25,100,
CUST_000758,2,2,57.6,1382.51,18,2,4.8,4.5,,25,75,2025-03-20
CUST_000759,2,1,76.94,1846.56,44,0,0.0,5.0,,0,75,
CUST_000760,1,1,85.61,1027.27,12,1,28.4,2.0,,25,50,2025-02-22
CUST_000761,2,2,66.68,1600.28,21,1,1.1,4.0,,25,75,2024-02-14
CUST_000762,2,2,86.44,1983.86,34,0,0.0,5.0,8.0,25,100,
CUST_000763,2,2,86.74,1721.95,60,0,0.0,5.0,,25,75,
CUST_000764,4,2,99.74,4563.28,22,2,7.0,2.0,,50,50,2024-06-08
CUST_000765,2,2,92.59,1968.79,9,0,0.0,5.0,,25,75,
CUST_000766,1,0,151.01,1666.76,19,1,33.5,2.0,,25,30,2025-06-24
CUST_000767,4,4,73.28,3517.2,4,0,0.0,5.0,,0,45,
CUST_000768,4,3,102.01,4301.34,12,1,25.2,3.0,,25,0,2024-08-21
CUST_000769,1,1,56.63,679.53,57,0,0.0,5.0,,0,75,
CUST_000770,1,0,99.48,1102.95,13,0,0.0,5.0,,25,75,
CUST_000771,3,2,96.07,3151.98,50,1,65.0,4.0,,25,75,2024-02-17
CUST_000772,1,0,90.39,1084.64,27,0,0.0,5.0,,0,75,
CUST_000773,2,1,101.68,2094.1,52,2,5.2,2.0,,50,30,2023-11-11
CUST_000774,1,1,63.69,764.28,7,2,1.7,3.5,7.0,0,50,2025-07-25
CUST_000775,1,1,48.4,580.82,47,2,23.9,4.0,,0,75,2025-07-05
CUST_000776,2,1,98.84,2372.21,55,0,0.0,5.0,,0,75,
CUST_000777,1,1,104.33,1251.99,8,0,0.0,5.0,,0,55,
CUST_000778,2,2,126.53,2696.28,59,0,0.0,5.0,,25,55,
CUST_000779,3,2,92.31,2990.88,8,2,2.2,5.0,9.0,25,100,2025-03-25
CUST_000780,3,2,59.26,2085.2,39,2,17.0,4.0,,25,75,2022-11-02
CUST_000781,1,1,113.51,1362.12,29,3,20.6,2.0,,25,30,2025-04-14
CUST_000782,2,2,60.73,1391.24,50,0,0.0,5.0,9.0,25,100,
CUST_000783,1,1,150.04,1613.12,8,3,8.4,4.0,,25,55,2025-04-06
CUST_000784,4,3,69.6,2980.45,29,1,37.5,5.0,,25,45,2024-05-03
CUST_000785,1,1,102.55,1230.58,1,0,0.0,5.0,7.0,25,55,
CUST_000786,2,1,87.84,2108.21,58,1,15.7,4.0,,0,75,2024-02-13
CUST_000787,2,2,77.08,1850.01,19,3,6.1,3.3,,0,50,2025-02-07
CUST_000788,4,2,99.05,4584.68,57,0,0.0,5.0,,25,75,
CUST_000789,1,1,94.41,1132.91,37,0,0.0,5.0,,0,75,
CUST_000790,2,2,58.84,1351.46,37,0,0.0,5.0,,25,75,
CUST_000791,2,2,73.62,1766.86,26,0,0.0,5.0,,25,75,
CUST_000792,2,2,78.12,1723.81,11,2,10.7,5.0,,25,75,2025-01-31
CUST_000793,2,0,135.16,3061.18,37,2,4.1,4.5,,0,55,2024-03-02
CUST_000794,2,2,81.15,1947.55,30,0,0.0,5.0,7.0,25,75,
CUST_000795,3,3,87.37,3145.43,8,0,0.0,5.0,,25,45,
CUST_000796,3,2,68.24,2363.66,27,0,0.0,5.0,8.0,25,100,
CUST_000797,3,3,103.87,3511.14,27,0,0.0,5.0,8.0,25,50,
CUST_000798,1,1,107.17,1286.03,39,2,12.1,3.5,,0,30,2025-07-04
CUST_000799,4,3,87.33,4021.7,15,0,0.0,5.0,8.0,25,70,
CUST_000800,1,1,63.71,764.46,2,0,0.0,5.0,,0,75,
CUST_000801,1,1,78.44,941.27,11,0,0.0,5.0,,0,75,
CUST_000802,2,2,69.32,1501.97,41,0,0.0,5.0,,25,75,
CUST_000803,4,3,107.33,5036.51,17,0,0.0,5.0,8.0,25,50,
CUST_000804,2,2,108.4,2601.62,6,0,0.0,5.0,9.0,0,80,
CUST_000805,1,1,153.23,1838.74,4,0,0.0,5.0,5.0,30,55,
CUST_000806,2,2,82.82,1942.67,13,0,0.0,5.0,7.0,25,75,
CUST_000807,1,1,147.1,1765.16,29,0,0.0,5.0,9.0,0,80,
CUST_000808,1,1,94.51,1044.52,0,0,0.0,5.0,0.0,25,75,
CUST_000809,1,0,56.67,598.31,46,1,3.6,4.0,0.0,25,75,2022-03-17
CUST_000810,1,1,59.7,716.44,47,0,0.0,5.0,,0,75,
CUST_000811,1,0,101.29,1002.58,44,0,0.0,5.0,,25,55,
CUST_000812,1,1,94.23,1130.74,19,0,0.0,5.0,10.0,25,100,
CUST_000813,3,3,104.26,3538.02,57,0,0.0,5.0,,25,25,
CUST_000814,2,2,86.79,1972.88,42,0,0.0,5.0,5.0,55,75,
CUST_000815,3,3,119.36,3790.27,15,1,42.7,2.0,3.0,80,0,2025-07-23
CUST_000816,2,1,94.66,1890.6,42,0,0.0,5.0,10.0,25,100,
CUST_000817,4,4,108.02,4904.26,49,0,0.0,5.0,,25,25,
CUST_000818,4,3,87.26,4092.39,8,0,0.0,5.0,,25,45,
CUST_000819,4,4,107.74,5071.09,24,0,0.0,5.0,,25,25,
CUST_000820,2,2,85.96,2062.93,52,0,0.0,5.0,,25,75,
CUST_000821,4,4,70.38,3312.69,53,0,0.0,5.0,,25,45,
CUST_000822,2,1,65.29,1513.45,18,1,1.0,5.0,,25,75,2024-07-13
CUST_000823,4,3,109.16,5186.84,23,1,36.0,5.0,6.0,55,25,2025-03-13
CUST_000824,1,1,154.93,1859.13,37,1,3.8,5.0,,0,55,2024-05-19
CUST_000825,1,1,156.6,1879.25,29,3,18.6,3.7,,0,30,2024-05-03
CUST_000826,2,2,76.55,1837.29,12,0,0.0,5.0,,0,75,
CUST_000827,2,2,68.91,1518.57,29,0,0.0,5.0,7.0,0,75,
CUST_000828,2,2,91.58,2015.72,28,2,17.1,4.5,,25,75,2024-10-27
CUST_000829,1,1,56.35,676.16,6,0,0.0,5.0,6.0,30,75,
CUST_000830,2,2,79.29,1808.99,11,0,0.0,5.0,8.0,25,100,
CUST_000831,1,1,95.59,1147.06,53,1,21.9,4.0,,0,75,2024-08-05
CUST_000832,3,1,110.05,3863.5,60,0,0.0,5.0,10.0,25,80,
CUST_000833,1,1,96.86,1056.95,27,0,0.0,5.0,9.0,0,100,
CUST_000834,1,1,104.1,1249.17,4,0,0.0,5.0,9.0,0,80,
CUST_000835,2,2,106.88,2131.27,2,3,6.4,3.7,,25,30,2025-05-29
CUST_000836,3,3,81.45,2878.89,8,1,45.3,2.0,,50,20,2024-11-26
CUST_000837,1,1,99.21,1190.5,26,2,7.0,3.5,,25,50,2023-09-23
CUST_000838,3,3,113.66,3670.01,30,2,3.5,2.5,7.0,50,0,2024-08-23
CUST_000839,1,1,84.14,928.9,33,0,0.0,5.0,7.0,25,75,
CUST_000840,2,2,101.2,2315.39,60,1,4.7,1.0,7.0,50,30,2025-05-26
CUST_000841,4,4,117.98,5218.98,59,2,33.6,4.0,,25,25,2024-10-29
CUST_000842,2,0,88.06,1866.81,14,3,22.6,5.0,8.0,25,100,2025-06-19
CUST_000843,2,1,116.12,2644.02,60,2,20.5,4.0,,25,55,2021-11-26
CUST_000844,2,2,107.77,2234.64,57,0,0.0,5.0,,25,55,
CUST_000845,1,1,93.01,930.33,3,2,3.0,4.5,8.0,25,100,2025-07-01
CUST_000846,2,1,106.22,2549.31,3,1,2.6,4.0,,0,55,2025-07-05
CUST_000847,2,2,83.49,1815.04,39,5,10.7,3.6,,20,50,2024-05-19
CUST_000848,3,3,78.13,2685.94,4,0,0.0,5.0,,25,45,
CUST_000849,3,2,85.68,2697.28,24,0,0.0,5.0,,25,75,
CUST_000850,2,1,81.22,1949.36,48,3,17.5,4.3,8.0,0,100,2023-08-21
CUST_000851,2,2,136.28,3122.22,56,0,0.0,5.0,,25,55,
CUST_000852,3,3,102.63,3391.29,57,1,5.9,2.0,,50,0,2021-04-05
CUST_000853,3,3,121.35,4166.77,45,1,21.8,1.0,8.0,50,25,2023-08-08
CUST_000854,2,1,101.51,2145.9,37,0,0.0,5.0,,25,55,
CUST_000855,2,2,112.25,2694.06,1,1,41.9,4.0,9.0,25,80,2025-06-24
CUST_000856,1,1,147.5,1478.79,21,1,6.3,4.0,,25,55,2025-07-29
CUST_000857,3,2,98.56,3227.51,45,1,1.6,4.0,,25,75,2023-12-05
CUST_000858,4,4,80.5,3567.57,35,0,0.0,5.0,,25,45,
CUST_000859,2,1,125.1,2651.99,49,0,0.0,5.0,7.0,25,55,
CUST_000860,1,1,47.02,564.27,45,0,0.0,5.0,0.0,0,75,
CUST_000861,2,2,97.9,2261.17,60,1,6.1,3.0,10.0,0,75,2024-02-26
CUST_000862,2,2,70.38,1551.37,19,0,0.0,5.0,,25,75,
CUST_000863,2,2,89.88,1988.52,25,0,0.0,5.0,7.0,25,75,
CUST_000864,2,2,122.19,2785.16,1,0,0.0,5.0,,0,55,
CUST_000865,2,2,88.14,2002.3,25,1,2.4,5.0,9.0,25,100,2023-06-20
CUST_000866,2,2,124.31,2889.37,28,1,15.5,5.0,,25,55,2024-02-08
CUST_000867,2,1,74.01,1776.14,4,3,9.5,5.0,,0,75,2025-06-06
CUST_000868,2,2,65.01,1560.15,13,0,0.0,5.0,7.0,0,75,
CUST_000869,3,3,110.38,3973.51,50,3,15.9,4.3,,25,25,2024-03-16
CUST_000870,2,2,73.8,1630.13,30,0,0.0,5.0,,25,75,
CUST_000871,2,2,88.25,2118.01,28,0,0.0,5.0,,25,75,
CUST_000872,3,1,59.2,2063.92,33,1,3.3,5.0,,25,75,2024-01-16
CUST_000873,1,1,54.63,601.64,45,0,0.0,5.0,,0,75,
CUST_000874,1,1,65.83,790.01,28,0,0.0,5.0,9.0,0,100,
CUST_000875,4,3,102.26,4908.45,44,0,0.0,5.0,,25,25,
CUST_000876,1,1,65.59,787.05,45,0,0.0,5.0,,0,75,
CUST_000877,2,1,102.16,2070.74,45,0,0.0,5.0,,25,55,
CUST_000878,1,1,117.04,1292.45,59,0,0.0,5.0,8.0,25,80,
CUST_000879,1,1,93.14,1034.83,27,0,0.0,5.0,8.0,0,100,
CUST_000880,3,2,99.87,3286.44,30,0,0.0,5.0,,25,75,
CUST_000881,3,3,89.18,3210.37,14,0,0.0,5.0,,25,45,
CUST_000882,2,2,72.48,1451.11,56,0,0.0,5.0,,25,75,
CUST_000883,2,2,114.77,2503.94,56,0,0.0,5.0,,25,55,
CUST_000884,3,2,96.27,3371.41,60,0,0.0,5.0,,25,75,
CUST_000885,1,1,61.34,683.21,32,0,0.0,5.0,,0,75,
CUST_000886,4,4,83.16,3784.7,22,0,0.0,5.0,7.0,25,45,
CUST_000887,2,2,100.01,2400.19,57,0,0.0,5.0,7.0,25,55,
CUST_000888,3,3,76.89,2669.98,59,0,0.0,5.0,,25,45,
CUST_000889,2,2,110.21,2645.15,52,0,0.0,5.0,,0,55,
CUST_000890,2,2,106.29,2550.9,37,0,0.0,5.0,5.0,30,55,
CUST_000891,2,2,108.01,2501.04,36,0,0.0,5.0,9.0,25,80,
CUST_000892,3,3,115.19,3721.39,22,0,0.0,5.0,,25,25,
CUST_000893,1,1,115.81,1278.48,49,0,0.0,5.0,,0,55,
CUST_000894,2,2,108.79,2496.16,59,0,0.0,5.0,7.0,25,55,
CUST_000895,2,2,120.69,2731.73,26,0,0.0,5.0,,0,55,
CUST_000896,3,2,86.2,2925.04,37,0,0.0,5.0,,25,75,
CUST_000897,1,1,93.01,1116.12,31,0,0.0,5.0,,0,75,
CUST_000898,1,1,96.88,1162.51,60,1,3.8,3.0,,0,50,2023-12-18
CUST_000899,1,1,80.28,884.71,60,2,33.1,3.5,8.0,0,75,2024-11-16
CUST_000900,2,2,66.76,1506.02,28,1,2.2,1.0,,25,50,2023-08-06
CUST_000901,4,3,71.64,3278.73,30,0,0.0,5.0,,25,45,
CUST_000902,3,3,88.76,2848.75,51,0,0.0,5.0,,25,45,
CUST_000903,1,1,150.88,1810.53,13,0,0.0,5.0,,0,55,
CUST_000904,3,3,74.76,2691.2,36,0,0.0,5.0,6.0,30,45,
CUST_000905,1,1,68.89,738.96,8,3,8.0,3.7,,0,50,2025-07-19
CUST_000906,1,0,147.3,1767.66,50,0,0.0,5.0,,25,55,
CUST_000907,2,2,87.24,2093.81,42,0,0.0,5.0,,0,75,
CUST_000908,3,2,92.76,3170.72,31,0,0.0,5.0,,0,75,
CUST_000909,2,2,100.72,2223.83,4,0,0.0,5.0,7.0,25,55,
CUST_000910,3,3,96.03,3216.02,11,0,0.0,5.0,,25,45,
CUST_000911,2,1,113.68,2583.79,6,2,29.4,3.5,7.0,0,30,2025-05-30
CUST_000912,1,1,100.72,1009.87,12,1,3.7,4.0,5.0,55,55,2024-10-23
CUST_000913,2,1,82.3,1975.16,3,1,2.7,2.0,,25,50,2025-07-30
CUST_000914,2,0,69.69,1500.22,26,2,2.1,4.5,2.0,55,75,2024-05-02
CUST_000915,2,1,104.22,2356.29,49,0,0.0,5.0,,25,55,
CUST_000916,1,1,83.31,920.14,45,2,10.1,3.0,,0,50,2023-08-06
CUST_000917,1,1,150.63,1807.58,40,0,0.0,5.0,,25,55,
CUST_000918,2,2,63.16,1334.11,9,0,0.0,5.0,,25,75,
CUST_000919,3,3,101.46,3312.47,36,2,13.0,3.5,,25,0,2024-11-30
CUST_000920,4,4,75.87,3574.83,19,1,3.2,5.0,,25,45,2024-12-19
CUST_000921,1,1,96.88,1069.25,12,2,5.4,4.5,,0,75,2025-01-06
CUST_000922,2,2,77.2,1852.69,36,0,0.0,5.0,,25,75,
CUST_000923,1,1,76.6,919.15,30,0,0.0,5.0,,0,75,
CUST_000924,4,4,81.31,3704.98,24,0,0.0,5.0,,25,45,
CUST_000925,1,1,99.09,1096.1,54,0,0.0,5.0,7.0,0,75,
CUST_000926,2,1,92.34,2216.23,18,5,10.1,3.6,,20,50,2025-05-27
CUST_000927,2,2,59.74,1323.37,35,0,0.0,5.0,8.0,25,100,
CUST_000928,2,1,118.67,2848.09,43,0,0.0,5.0,,25,55,
CUST_000929,3,3,100.82,3435.62,33,2,19.0,4.5,,25,25,2024-09-07
CUST_000930,2,2,88.72,2129.31,55,0,0.0,5.0,,0,75,
CUST_000931,1,1,59.5,605.8,44,2,15.2,1.5,,50,50,2023-09-10
CUST_000932,1,1,149.81,1797.69,32,0,0.0,5.0,9.0,0,80,
CUST_000933,2,2,134.26,2708.37,32,0,0.0,5.0,,25,55,
CUST_000934,2,2,78.91,1735.36,7,0,0.0,5.0,,0,75,
CUST_000935,1,1,55.6,667.17,47,0,0.0,5.0,8.0,0,100,
CUST_000936,2,2,77.77,1717.51,28,1,12.4,5.0,7.0,25,75,2024-05-23
CUST_000937,1,1,83.38,726.4,41,0,0.0,5.0,7.0,25,75,
CUST_000938,2,2,114.09,2592.45,31,0,0.0,5.0,,0,55,
CUST_000939,3,2,68.67,2472.14,57,3,16.0,3.7,0.0,25,50,2024-08-03
CUST_000940,1,1,98.96,1187.46,25,1,6.2,5.0,,25,75,2025-03-10
CUST_000941,2,2,93.59,2019.88,55,0,0.0,5.0,,25,75,
CUST_000942,1,1,80.47,965.59,17,0,0.0,5.0,,25,75,
CUST_000943,1,1,118.42,1421.06,6,1,19.4,4.0,,0,55,2025-06-08
CUST_000944,2,2,87.28,1983.36,8,0,0.0,5.0,8.0,25,100,
CUST_000945,2,2,85.76,2058.13,34,0,0.0,5.0,4.0,55,75,
CUST_000946,2,2,86.21,2069.0,38,2,13.6,3.0,0.0,0,50,2025-04-25
CUST_000947,1,1,115.12,1381.43,30,1,7.1,5.0,,0,55,2024-07-06
CUST_000948,2,2,109.0,2616.03,54,0,0.0,5.0,,25,55,
CUST_000949,3,2,83.14,2858.51,56,1,4.7,2.0,,50,50,2024-05-09
CUST_000950,3,3,116.44,3897.46,26,0,0.0,5.0,,25,25,
CUST_000951,2,2,110.55,2556.57,37,0,0.0,5.0,6.0,55,55,
CUST_000952,3,3,73.04,2455.69,47,0,0.0,5.0,,25,45,
CUST_000953,2,2,110.06,2496.34,32,0,0.0,5.0,7.0,25,55,
CUST_000954,2,2,49.18,998.11,53,2,2.9,4.5,,25,75,2022-07-13
CUST_000955,3,3,82.95,2986.27,55,1,6.7,2.0,,50,20,2024-04-05
CUST_000956,2,2,81.49,1729.98,52,0,0.0,5.0,,25,75,
CUST_000957,3,2,89.79,2971.89,51,1,26.8,5.0,,25,75,2025-04-23
CUST_000958,2,1,93.78,2250.7,56,0,0.0,5.0,4.0,55,75,
CUST_000959,2,1,92.95,2117.11,37,1,3.8,4.0,,0,75,2023-04-16
CUST_000960,1,1,80.33,882.26,25,0,0.0,5.0,,25,75,
CUST_000961,2,1,106.63,2331.16,33,0,0.0,5.0,,25,55,
CUST_000962,2,2,126.58,3037.88,22,0,0.0,5.0,,25,55,
CUST_000963,2,2,90.96,1886.45,11,0,0.0,5.0,,25,75,
CUST_000964,4,4,100.31,4526.49,11,0,0.0,5.0,9.0,25,50,
CUST_000965,2,2,85.83,1892.84,18,0,0.0,5.0,,25,75,
CUST_000966,2,2,66.03,1584.62,25,0,0.0,5.0,,0,75,
CUST_000967,4,4,91.93,4042.68,46,1,3.3,1.0,,50,20,2023-01-30
CUST_000968,1,1,61.54,684.77,25,0,0.0,5.0,,0,75,
CUST_000969,3,3,93.51,3193.89,37,0,0.0,5.0,10.0,25,70,
CUST_000970,2,2,123.9,2740.64,56,3,10.0,4.0,,25,55,2025-07-20
CUST_000971,2,1,125.65,2693.49,10,0,0.0,5.0,8.0,25,80,
CUST_000972,3,3,87.3,3064.99,23,2,13.8,4.5,,25,45,2025-06-08
CUST_000973,3,3,115.2,3999.1,51,0,0.0,5.0,,25,25,
CUST_000974,1,0,102.24,1033.98,31,4,10.3,3.0,,45,30,2025-01-24
CUST_000975,2,1,124.2,2980.83,15,0,0.0,5.0,,0,55,
CUST_000976,4,3,110.06,5282.77,19,2,36.7,2.5,9.0,50,25,2024-09-27
CUST_000977,1,1,157.26,1738.86,31,2,4.9,3.5,,0,30,2023-09-17
CUST_000978,1,1,146.24,1754.82,18,2,18.0,4.0,,25,55,2024-08-18
CUST_000979,3,3,100.89,3348.98,55,0,0.0,5.0,,25,25,
CUST_000980,2,2,71.85,1634.6,35,0,0.0,5.0,3.0,30,75,
CUST_000981,2,2,85.63,1927.04,17,1,14.9,3.0,8.0,25,75,2025-07-27
CUST_000982,3,3,101.86,3666.84,15,0,0.0,5.0,,25,25,
CUST_000983,3,2,89.92,2949.26,16,2,19.4,4.5,,25,75,2025-02-21
CUST_000984,1,1,95.25,1052.2,31,0,0.0,5.0,,0,75,
CUST_000985,2,2,75.16,1760.76,41,0,0.0,5.0,,25,75,
CUST_000986,3,3,74.9,2602.66,60,1,38.5,5.0,,0,45,2023-04-12
CUST_000987,3,2,85.38,2768.0,1,0,0.0,5.0,,25,75,
CUST_000988,1,1,155.0,1688.0,48,2,15.2,3.5,,0,30,2022-08-21
CUST_000989,2,2,87.84,2108.26,26,2,41.3,5.0,,0,75,2025-07-15
CUST_000990,2,2,84.27,1858.68,18,0,0.0,5.0,8.0,25,100,
CUST_000991,2,2,108.78,2493.91,53,0,0.0,5.0,,25,55,
CUST_000992,2,1,78.62,1886.82,48,0,0.0,5.0,7.0,0,75,
CUST_000993,2,2,82.45,1978.69,41,1,2.9,4.0,,25,75,2025-02-09
CUST_000994,2,2,66.07,1529.99,50,1,2.8,5.0,,25,75,2021-09-28
CUST_000995,3,3,98.53,3023.77,20,0,0.0,5.0,3.0,55,45,
CUST_000996,3,3,101.02,3540.16,13,0,0.0,5.0,,25,25,
CUST_000997,4,3,90.78,4028.21,37,0,0.0,5.0,,25,45,
CUST_000998,2,1,74.6,1790.3,0,2,21.8,2.5,7.0,25,50,2025-07-25
CUST_000999,2,2,109.12,2618.82,35,1,14.5,3.0,,0,30,2023-04-17
CUST_001000,1,1,146.73,1616.01,18,0,0.0,5.0,,0,55,
